Feature Category,Example
Autoregressive lag features,"lag1, lag3, lag6, lag12, lag24, lag48, lag72, lag168"
Rolling statistics,"roll3, roll6, roll24, roll48, roll168"
Volatility / range features,"std6, std24, min24, max24"
Exponentially weighted features,"ewm6, ewm24"
Trend / difference features,"trend_24, trend_168, roll_diff_3_24, roll_diff_24_168"
Exogenous pollutant variables,"PM10, NO2, SO2, O3, CO"
Meteorological variables,"temperature, humidity, pressure, wind_speed"
Cyclic time encodings,"sin_hour, cos_hour, sin_day, cos_day"
Calendar indicator,is_weekend
